Intern_ID,Completion_Time,Feedback_Rating,Attendance,Performance_Score,performance_label
INT0001,3.26,4.09,86.5,70.98,High
INT0002,3.9282564102564104,1.33,59.23,42.16,Low
INT0003,5.78,2.9336670179135935,42.98,49.89,Low
INT0004,4.28,1.43,83.16,68.49,Medium
INT0005,1.53,1.91,74.1,77.51,High
INT0006,2.07,2.46,86.93,97.98,High
INT0007,1.24,1.8,98.06,72.22,High
INT0008,5.86,3.38,55.83,55.62,Medium
INT0009,4.23,3.05,85.48,79.96,High
INT0010,5.31,2.04,61.52,65.64,Medium
INT0011,1.0,4.34,0.0,95.37,High
INT0012,7.0,1.92,31.05,59.55,Medium
INT0013,5.9,2.71,56.8,73.69,High
INT0014,1.98,1.33,65.99,68.94,Medium
INT0015,2.22,1.01,67.1,73.52,High
INT0016,1.84,1.0,94.98,66.79,Medium
INT0017,2.82,1.0,87.09,52.54,Medium
INT0018,3.9282564102564104,3.56,98.61,59.46,Medium
INT0019,3.54,1.0,8.47,56.65,Medium
INT0020,3.05,2.9336670179135935,26.47,58.19,Medium
INT0021,4.39,1.0,66.38,53.18,Medium
INT0022,2.24,1.8,42.26,56.06,Medium
INT0023,3.04,5.0,66.32,86.84,High
INT0024,3.03,1.83,83.65,56.18,Medium
INT0025,3.42,4.74,76.54,81.34,High
INT0026,5.49,1.0,69.27,43.09,Low
INT0027,2.03,4.45,57.45,84.88,High
INT0028,4.15,3.57,51.11,78.32,High
INT0029,4.1,2.62,60.94,64.94,Medium
INT0030,1.69,5.0,3.33,78.86,High
INT0031,4.25,1.82,89.27,50.05,Medium
INT0032,1.8,5.0,55.62,86.89,High
INT0033,1.0,5.0,86.21,100.0,High
INT0034,6.45,4.38,69.28,69.46,Medium
INT0035,7.0,2.64,24.4,58.41,Medium
INT0036,5.97,2.18,90.64,55.13,Medium
INT0037,2.56,5.0,78.98,94.96,High
INT0038,1.96,2.97,61.79,63.74,Medium
INT0039,5.41,4.05,94.73,65.78,Medium
INT0040,3.89,3.0,52.26,41.81,Low
INT0041,2.08,2.69,60.09,90.93,High
INT0042,4.09,1.0,87.6,52.86,Medium
INT0043,1.21,1.0,1.76,73.71,High
INT0044,6.33,2.23,64.46,52.61,Medium
INT0045,2.27,4.86,63.12363354037267,77.14,High
INT0046,5.04,3.28,92.9,74.13,High
INT0047,3.26,1.0,65.68,56.28,Medium
INT0048,4.21,1.8,59.79,45.0,Low
INT0049,4.7,3.83,41.66,77.46,High
INT0050,1.97,5.0,95.51,100.0,High
INT0051,7.0,3.24,52.18,57.6,Medium
INT0052,5.8,3.64,88.29,66.46,Medium
INT0053,6.81,5.0,52.53,72.34,High
INT0054,6.52,1.0,71.27,55.67,Medium
INT0055,4.31,4.7,87.2,64.48,Medium
INT0056,6.17,1.91,98.29,63.22,Medium
INT0057,2.01,1.79,61.46,76.85,High
INT0058,1.73,4.9,57.18,77.79,High
INT0059,1.24,2.11,6.07,89.23,High
INT0060,2.88,3.87,83.45,71.0,High
INT0061,3.19,2.83,71.9,60.83,Medium
INT0062,2.91,2.75,78.66,52.59,Medium
INT0063,6.22,4.93,4.95,66.57,Medium
INT0064,3.55,1.72,88.65,60.7,Medium
INT0065,2.59,1.0,95.99,69.42,Medium
INT0066,4.32,4.42,44.68,66.73,Medium
INT0067,2.24,1.72,64.67,78.72,High
INT0068,6.3,2.01,60.28,68.4,Medium
INT0069,1.92,3.81,70.79,80.42,High
INT0070,7.0,3.58,79.73,74.88,High
INT0071,5.27,5.0,71.0,71.83,High
INT0072,1.71,2.23,36.28,80.07,High
INT0073,1.36,1.54,4.77,85.98,High
INT0074,6.23,2.01,84.55,56.38,Medium
INT0075,5.49,2.93,63.3,84.76,High
INT0076,5.15,1.9,74.67,49.77,Low
INT0077,5.77,1.0,58.26,43.04,Low
INT0078,1.26,2.57,70.73,74.32,High
INT0079,3.9282564102564104,1.0,89.31,57.35,Medium
INT0080,1.58,5.0,70.64,95.12,High
INT0081,6.59,1.35,84.83,66.09,Medium
INT0082,4.47,4.83,75.36,70.45,High
INT0083,3.07,4.42,37.83,77.46,High
INT0084,1.24,3.79,89.81,84.33,High
INT0085,3.03,1.93,54.21,48.26,Low
INT0086,3.01,4.25,76.24,73.87,High
INT0087,5.8,4.66,60.44,67.3,Medium
INT0088,4.43,1.67,1.95,54.52,Medium
INT0089,3.9282564102564104,3.03,75.15,70.27,High
INT0090,4.1,2.71,74.98,54.45,Medium
INT0091,1.59,3.49,85.35,73.5,High
INT0092,4.95,2.9336670179135935,52.75,53.12,Medium
INT0093,5.56,3.29,86.39,55.68,Medium
INT0094,4.52,4.19,70.48,79.87,High
INT0095,5.17,5.0,46.61,78.67,High
INT0096,3.75,2.33,78.85,68.34,Medium
INT0097,4.45,3.16,44.48,71.42,High
INT0098,3.59,2.9336670179135935,7.37,75.39,High
INT0099,1.0,1.0,8.66,81.78,High
INT0100,1.43,2.47,59.64,62.92,Medium
INT0101,1.33,5.0,0.32,100.0,High
INT0102,4.52,4.27,26.77,58.27,Medium
INT0103,3.22,4.73,65.42,85.64,High
INT0104,4.23,3.15,31.77,53.08,Medium
INT0105,6.42,2.81,56.64,67.79,Medium
INT0106,3.9282564102564104,1.0,56.56,55.73,Medium
INT0107,3.35,1.04,60.68,61.58,Medium
INT0108,5.27,2.05,91.43,64.25,Medium
INT0109,2.53,3.08,43.27,70.56,High
INT0110,1.53,1.0,72.92,62.97,Medium
INT0111,2.58,1.0,96.65,66.24,Medium
INT0112,1.81,1.0,91.54,60.9,Medium
INT0113,6.48,5.0,74.97,64.58,Medium
INT0114,5.64,4.57,85.09,56.8,Medium
INT0115,5.01,2.18,78.35,48.86,Low
INT0116,6.38,1.0,63.12363354037267,41.03,Low
INT0117,5.76,1.0,66.55,36.92,Low
INT0118,2.02,2.9336670179135935,73.1,79.76,High
INT0119,6.23,2.98,63.12363354037267,29.18,Low
INT0120,3.9282564102564104,3.82,67.87,71.09,High
INT0121,5.43,1.8,53.35,40.53,Low
INT0122,6.15,1.8,97.66,50.69,Medium
INT0123,2.73,2.56,98.15,97.99,High
INT0124,1.71,4.67,77.79,84.48,High
INT0125,2.64,1.09,80.33,63.75,Medium
INT0126,3.46,4.0,59.29,80.95,High
INT0127,6.35,1.97,84.77,63.24,Medium
INT0128,6.49,4.0,31.43,62.25,Medium
INT0129,1.52,5.0,6.44,86.3,High
INT0130,4.44,1.73,83.42,73.85,High
INT0131,3.62,4.77,65.52,83.1,High
INT0132,2.43,1.0,52.49,53.85,Medium
INT0133,1.35,3.3,91.59,93.27,High
INT0134,3.25,3.64,65.52,65.99,Medium
INT0135,6.76,1.0,24.38,33.42,Low
INT0136,2.95,1.0,53.74,44.75,Low
INT0137,4.3,2.9336670179135935,42.03,52.1,Medium
INT0138,5.16,3.4,58.9,66.61,Medium
INT0139,3.2,3.07,5.95,82.65,High
INT0140,6.73,3.01,41.09,52.74,Medium
INT0141,6.99,1.8,90.23,43.18,Low
INT0142,2.89,1.88,58.69,73.36,High
INT0143,4.32,5.0,74.64,82.74,High
INT0144,3.1,1.59,84.4,71.36,High
INT0145,2.22,2.5,82.6,83.42,High
INT0146,1.63,5.0,7.63,92.12,High
INT0147,4.43,4.94,70.85,84.51,High
INT0148,4.41,2.08,23.9,59.87,Medium
INT0149,1.01,2.43,74.69,95.39,High
INT0150,2.61,4.17,61.66,71.83,High
INT0151,6.7,5.0,53.89,62.35,Medium
INT0152,2.58,3.56,0.0,55.82,Medium
INT0153,1.79,2.9336670179135935,24.18,68.74,Medium
INT0154,4.12,2.81,81.65,48.83,Low
INT0155,6.96,3.18,62.99,64.23,Medium
INT0156,2.23,1.67,59.51,70.24,High
INT0157,5.18,1.8,50.21,50.92,Medium
INT0158,5.27,1.0,80.68,47.99,Low
INT0159,2.62,4.41,62.43,84.95,High
INT0160,4.87,5.0,36.75,70.71,High
INT0161,3.26,4.81,80.68,70.34,High
INT0162,4.69,4.26,97.29,75.15,High
INT0163,4.6,4.5,83.74,69.65,Medium
INT0164,4.23,1.0,89.15,62.94,Medium
INT0165,3.9282564102564104,4.46,63.12363354037267,95.14,High
INT0166,6.48,1.0,63.61,43.65,Low
INT0167,3.25,3.47,72.71,72.52,High
INT0168,2.34,2.18,90.36,78.81,High
INT0169,1.22,2.79,7.59,83.76,High
INT0170,4.44,4.43,92.34,66.34,Medium
INT0171,4.6,2.88,99.44,74.19,High
INT0172,1.0,2.36,8.86,65.59,Medium
INT0173,4.42,2.05,52.27,60.79,Medium
INT0174,2.24,1.0,57.48,58.69,Medium
INT0175,4.83,3.34,38.28,47.96,Low
INT0176,1.82,2.86,56.55,52.66,Medium
INT0177,4.92,4.85,93.53,74.93,High
INT0178,2.88,2.51,51.16,62.03,Medium
INT0179,6.73,2.51,65.79,57.36,Medium
INT0180,1.78,3.71,59.23,82.34,High
INT0181,3.16,1.72,96.58,81.88,High
INT0182,1.73,3.68,63.2,83.41,High
INT0183,6.85,2.35,6.32,53.18,Medium
INT0184,6.51,2.3,98.62,54.43,Medium
INT0185,2.82,3.36,74.85,81.54,High
INT0186,4.96,1.98,61.72,57.5,Medium
INT0187,5.75,4.2,59.69,63.01,Medium
INT0188,4.76,4.0,61.15,75.25,High
INT0189,3.73,2.9336670179135935,85.43,59.25,Medium
INT0190,2.1,1.8,20.54,54.91,Medium
INT0191,1.48,4.32,52.57,76.8,High
INT0192,6.49,2.0,80.41,46.14,Low
INT0193,5.91,1.0,82.1,39.65,Low
INT0194,5.02,4.0,83.26,85.35,High
INT0195,3.09,1.0,48.22,60.99,Medium
INT0196,3.08,3.72,55.6,96.92,High
INT0197,3.9282564102564104,2.9336670179135935,76.68,70.12,High
INT0198,6.4,3.85,63.12363354037267,62.36,Medium
INT0199,5.98,1.8,89.85,52.42,Medium
INT0200,5.29,1.0,66.87,58.03,Medium
INT0201,4.64,2.89,20.76,61.65,Medium
INT0202,1.71,3.29,63.12363354037267,64.58,Medium
INT0203,2.06,1.22,74.38,73.71,High
INT0204,6.37,2.9336670179135935,57.32,44.36,Low
INT0205,4.71,2.44,93.39,59.92,Medium
INT0206,1.12,1.0,7.29,62.56,Medium
INT0207,1.42,3.15,63.12363354037267,96.77,High
INT0208,4.58,3.27,48.92,55.34,Medium
INT0209,1.43,1.8,9.28,61.66,Medium
INT0210,2.06,4.32,59.61,79.9,High
INT0211,4.49,4.0,34.34,84.11,High
INT0212,5.11,1.32,52.37,46.04,Low
INT0213,5.17,2.27,62.04,42.81,Low
INT0214,2.43,3.08,67.27,76.93,High
INT0215,4.82,5.0,91.66,82.64,High
INT0216,2.81,3.94,28.36,80.19,High
INT0217,2.76,4.29,63.12363354037267,77.46,High
INT0218,5.12,2.06,71.97,47.8,Low
INT0219,4.49,3.97,89.24,66.59,Medium
INT0220,6.32,2.16,98.81,45.2,Low
INT0221,5.15,2.9336670179135935,61.99,68.47,Medium
INT0222,4.61,2.9336670179135935,57.88,80.61,High
INT0223,1.98,4.0,81.09,100.0,High
INT0224,3.06,1.84,68.2,62.31,Medium
INT0225,2.65,1.0,63.12363354037267,57.38,Medium
INT0226,2.58,2.98,71.2,74.1,High
INT0227,7.0,3.63,61.4,61.02,Medium
INT0228,3.17,3.96,53.5,77.93,High
INT0229,6.81,3.37,76.78,47.68,Low
INT0230,4.44,3.65,3.74,56.87,Medium
INT0231,3.9282564102564104,1.05,86.9,64.93,Medium
INT0232,4.15,3.12,66.37,58.41,Medium
INT0233,4.78,3.44,3.34,87.76,High
INT0234,3.49,4.5,88.45,70.81,High
INT0235,1.75,3.2,28.73,85.78,High
INT0236,4.9,2.32,11.96,52.28,Medium
INT0237,2.77,3.09,55.91,80.96,High
INT0238,1.25,1.0,3.33,78.44,High
INT0239,5.28,4.0,91.83,76.7,High
INT0240,2.03,2.9,64.76,60.79,Medium
INT0241,6.21,2.18,44.04,57.45,Medium
INT0242,6.43,1.66,89.64,45.35,Low
INT0243,6.0,4.5,96.89,64.3,Medium
INT0244,3.5,3.07,88.96,72.88,High
INT0245,1.41,2.87,5.03,78.77,High
INT0246,7.0,3.87,62.13,73.31,High
INT0247,3.48,1.44,40.3,60.39,Medium
INT0248,6.32,5.0,61.68,58.89,Medium
INT0249,6.51,4.0,90.4,74.13,High
INT0250,6.21,2.68,69.35,37.4,Low
INT0251,3.23,3.6,61.59,86.54,High
INT0252,2.91,1.01,63.12363354037267,55.26,Medium
INT0253,5.73,2.9336670179135935,91.21,45.19,Low
INT0254,3.9282564102564104,3.41,42.07,67.23,Medium
INT0255,3.9282564102564104,2.9336670179135935,72.01,97.53,High
INT0256,4.09,1.0,63.12363354037267,49.12,Low
INT0257,6.93,1.35,53.51,52.19,Medium
INT0258,4.81,4.61,97.41,67.83,Medium
INT0259,4.85,5.0,78.68,81.03,High
INT0260,1.28,1.8,54.1,67.66,Medium
INT0261,4.27,3.53,63.06,72.83,High
INT0262,6.78,1.72,93.29,64.95,Medium
INT0263,1.53,3.48,45.62,86.99,High
INT0264,4.14,5.0,96.36,90.39,High
INT0265,3.9282564102564104,4.09,53.24,60.4,Medium
INT0266,5.43,1.0,55.66,34.07,Low
INT0267,5.34,1.88,79.84,59.19,Medium
INT0268,5.07,2.39,67.7,53.6,Medium
INT0269,2.69,2.04,73.21,67.28,Medium
INT0270,3.23,2.9336670179135935,66.4,69.27,Medium
INT0271,6.18,1.54,70.24,49.57,Low
INT0272,5.43,2.53,91.13,59.18,Medium
INT0273,6.15,4.0,79.67,73.16,High
INT0274,3.9282564102564104,1.15,99.87,50.1,Medium
INT0275,3.76,2.69,89.34,87.43,High
INT0276,4.09,1.0,63.68,68.06,Medium
INT0277,5.82,3.29,63.22,58.39,Medium
INT0278,4.61,5.0,66.79,77.1,High
INT0279,4.85,2.24,92.16,58.56,Medium
INT0280,6.03,2.52,9.8,44.52,Low
INT0281,6.16,1.64,27.5,43.47,Low
INT0282,2.77,4.1,69.96,74.49,High
INT0283,3.49,3.7,81.99,88.46,High
INT0284,1.8,5.0,0.0,88.24,High
INT0285,4.25,2.24,60.96,48.52,Low
INT0286,1.59,1.23,0.14,68.62,Medium
INT0287,3.98,1.71,94.69,69.64,Medium
INT0288,4.11,1.19,62.81,49.9,Low
INT0289,2.65,1.48,50.2,77.44,High
INT0290,4.77,2.37,91.73,58.8,Medium
INT0291,1.0,4.69,0.07,85.31,High
INT0292,1.19,1.0,2.4,65.39,Medium
INT0293,6.09,3.87,75.92,47.45,Low
INT0294,3.2,3.51,57.92,89.14,High
INT0295,1.87,2.74,66.3,79.46,High
INT0296,4.18,2.9336670179135935,57.83,85.64,High
INT0297,5.32,5.0,85.44,76.56,High
INT0298,2.2,3.24,76.97,74.23,High
INT0299,4.77,1.0,68.51,50.07,Medium
INT0300,1.79,5.0,18.48,87.01,High
INT0301,1.46,5.0,66.13,100.0,High
INT0302,4.12,4.0,64.66,73.02,High
INT0303,4.71,1.8,82.74,50.93,Medium
INT0304,4.43,4.79,52.01,74.55,High
INT0305,5.07,1.83,80.48,55.53,Medium
INT0306,6.7,1.9,85.86,64.18,Medium
INT0307,3.83,5.0,68.44,79.91,High
INT0308,3.07,3.54,60.77,62.92,Medium
INT0309,5.31,5.0,76.88,74.35,High
INT0310,2.3,2.04,91.66,69.28,Medium
INT0311,3.42,4.0,66.18,87.04,High
INT0312,1.65,2.93,62.62,70.75,High
INT0313,1.53,3.81,1.01,92.23,High
INT0314,7.0,2.81,76.31,43.63,Low
INT0315,5.7,2.84,67.96,59.05,Medium
INT0316,5.25,2.13,14.07,55.72,Medium
INT0317,2.98,2.71,89.08,71.14,High
INT0318,1.85,1.0,84.96,67.25,Medium
INT0319,2.25,4.62,56.43,80.1,High
INT0320,2.46,1.0,99.25,74.15,High
INT0321,3.95,4.01,80.4,71.83,High
INT0322,5.23,2.81,0.0,55.53,Medium
INT0323,4.66,4.62,69.11,80.73,High
INT0324,2.57,1.0,94.93,56.25,Medium
INT0325,6.72,1.6,62.2,35.67,Low
INT0326,5.28,1.0,64.29,50.89,Medium
INT0327,4.77,2.46,56.12,58.22,Medium
INT0328,4.73,2.9336670179135935,87.96,62.15,Medium
INT0329,3.86,2.77,79.78,67.59,Medium
INT0330,2.75,4.0,80.45,89.55,High
INT0331,3.3,3.65,60.92,74.7,High
INT0332,5.55,4.92,57.72,63.48,Medium
INT0333,1.0,1.8,2.6,67.15,Medium
INT0334,1.81,3.58,63.12363354037267,84.1,High
INT0335,1.14,1.0,1.77,73.74,High
INT0336,1.0,4.95,0.29,88.64,High
INT0337,6.07,1.0,61.55,46.52,Low
INT0338,5.46,1.0,27.09,53.19,Medium
INT0339,4.31,3.2,77.56,62.61,Medium
INT0340,1.46,4.24,98.48,100.0,High
INT0341,3.99,2.31,99.06,59.62,Medium
INT0342,4.19,1.26,64.09,71.53,High
INT0343,1.87,2.37,46.74,62.71,Medium
INT0344,3.24,4.62,53.15,75.38,High
INT0345,3.17,5.0,93.67,92.46,High
INT0346,5.1,2.54,78.43,60.35,Medium
INT0347,4.47,3.75,69.26,59.78,Medium
INT0348,1.1,5.0,9.09,92.66,High
INT0349,3.21,2.08,63.12363354037267,79.05,High
INT0350,5.11,1.0,76.51,65.53,Medium
INT0351,4.46,4.11,64.15,64.49,Medium
INT0352,6.07,1.76,63.12363354037267,63.74,Medium
INT0353,5.38,1.23,33.4,46.39,Low
INT0354,1.64,4.08,80.09,93.69,High
INT0355,1.08,2.54,96.5,84.07,High
INT0356,5.3,1.0,92.83,56.42,Medium
INT0357,1.17,3.14,0.08,91.55,High
INT0358,4.2,2.31,63.12363354037267,61.01,Medium
INT0359,6.63,1.0,71.16,40.36,Low
INT0360,4.73,4.34,62.62,64.06,Medium
INT0361,3.66,4.0,99.17,95.43,High
INT0362,5.22,4.35,65.19,72.55,High
INT0363,3.82,4.63,66.19,79.58,High
INT0364,4.64,4.27,99.48,84.79,High
INT0365,6.66,1.0,56.7,27.63,Low
INT0366,3.43,2.32,53.31,66.08,Medium
INT0367,7.0,2.27,96.79,69.86,Medium
INT0368,6.36,1.47,75.59,52.87,Medium
INT0369,1.74,2.41,50.13,75.99,High
INT0370,1.27,3.23,6.28,86.0,High
INT0371,1.72,2.26,55.58,71.69,High
INT0372,1.0,5.0,7.36,96.1,High
INT0373,1.22,2.81,65.68,87.78,High
INT0374,4.89,4.46,71.94,59.94,Medium
INT0375,1.0,5.0,48.91,98.94,High
INT0376,3.15,1.0,77.84,75.69,High
INT0377,5.83,1.51,63.12363354037267,42.61,Low
INT0378,1.0,2.85,1.52,90.54,High
INT0379,6.09,5.0,65.42,67.07,Medium
INT0380,3.03,2.11,65.42,86.25,High
INT0381,1.23,3.95,78.3,87.63,High
INT0382,4.91,1.83,65.03,63.56,Medium
INT0383,5.22,1.02,8.59,54.68,Medium
INT0384,6.15,3.45,68.06,73.53,High
INT0385,5.85,5.0,81.13,76.56,High
INT0386,5.59,1.0,61.54,40.08,Low
INT0387,2.41,3.12,96.02,62.74,Medium
INT0388,1.77,3.9,78.75,100.0,High
INT0389,5.09,2.47,96.0,78.09,High
INT0390,6.24,4.0,52.32,71.44,High
INT0391,7.0,3.55,67.13,67.61,Medium
INT0392,3.93,2.9336670179135935,51.14,68.61,Medium
INT0393,3.58,2.59,63.61,74.37,High
INT0394,6.01,4.78,93.1,68.34,Medium
INT0395,3.2,2.0,51.83,48.54,Low
INT0396,6.91,1.98,71.81,66.75,Medium
INT0397,5.86,1.02,55.88,54.57,Medium
INT0398,3.46,4.39,70.84,75.2,High
INT0399,5.65,2.01,91.94,66.46,Medium
INT0400,5.9,3.77,81.15,65.61,Medium
INT0401,1.78,2.49,86.84,74.15,High
INT0402,6.76,1.11,1.04,45.88,Low
INT0403,4.0,3.24,63.12363354037267,55.49,Medium
INT0404,6.18,1.58,52.26,44.68,Low
INT0405,3.4,4.0,71.09,94.21,High
INT0406,6.02,1.0,71.32,36.49,Low
INT0407,3.77,1.08,95.93,65.01,Medium
INT0408,1.09,1.36,9.12,84.2,High
INT0409,6.57,2.9336670179135935,85.32,63.85,Medium
INT0410,1.93,3.22,70.85,65.47,Medium
INT0411,2.83,2.9336670179135935,61.18,78.35,High
INT0412,6.62,2.14,86.18,65.83,Medium
INT0413,6.73,1.0,46.76,47.76,Low
INT0414,3.96,1.15,75.07,61.18,Medium
INT0415,4.79,2.75,54.83,78.44,High
INT0416,3.48,4.0,60.41,74.0,High
INT0417,3.19,1.79,89.7,87.43,High
INT0418,2.56,1.0,66.5,65.72,Medium
INT0419,3.9282564102564104,2.9336670179135935,94.56,67.78,Medium
INT0420,5.96,2.24,66.07,61.87,Medium
INT0421,6.15,3.35,70.3,48.71,Low
INT0422,5.94,2.59,90.42,58.5,Medium
INT0423,1.64,3.2,79.76,81.25,High
INT0424,3.75,1.31,13.64,62.62,Medium
INT0425,1.22,4.92,96.33,100.0,High
INT0426,3.9282564102564104,2.9336670179135935,76.8,80.96,High
INT0427,3.94,3.89,75.75,67.0,Medium
INT0428,6.15,4.0,7.48,65.44,Medium
INT0429,3.28,1.0,0.0,51.6,Medium
INT0430,1.56,5.0,50.37,80.71,High
INT0431,1.82,2.41,95.66,66.58,Medium
INT0432,5.63,1.0,70.42,44.42,Low
INT0433,5.01,5.0,73.43,66.16,Medium
INT0434,1.32,1.0,92.27,78.82,High
INT0435,1.4,5.0,80.46,100.0,High
INT0436,4.84,2.25,80.48,61.5,Medium
INT0437,1.02,1.95,3.23,65.93,Medium
INT0438,6.03,2.9336670179135935,91.7,65.66,Medium
INT0439,4.93,4.42,63.12363354037267,49.97,Low
INT0440,1.05,3.18,52.66,65.0,Medium
INT0441,1.91,3.57,59.58,84.26,High
INT0442,6.95,3.04,63.39,62.45,Medium
INT0443,2.88,3.41,64.12,77.19,High
INT0444,2.77,5.0,83.53,91.12,High
INT0445,5.5,2.87,60.89,41.71,Low
INT0446,6.65,4.66,83.83,70.34,High
INT0447,7.0,4.18,54.56,44.28,Low
INT0448,5.66,2.9336670179135935,22.49,60.76,Medium
INT0449,2.9,3.7,75.44,66.09,Medium
INT0450,1.63,5.0,96.09,100.0,High
INT0451,5.56,2.92,92.98,75.21,High
INT0452,4.31,5.0,98.44,94.05,High
INT0453,3.85,4.0,82.52,83.29,High
INT0454,6.27,3.61,7.99,78.85,High
INT0455,1.32,2.9336670179135935,52.78,93.02,High
INT0456,4.33,1.0,81.14,65.9,Medium
INT0457,1.0,1.81,8.93,65.44,Medium
INT0458,3.6,4.08,77.19,64.1,Medium
INT0459,1.55,2.9336670179135935,69.3,64.26,Medium
INT0460,3.9282564102564104,1.1,72.13,81.44,High
INT0461,2.01,4.62,76.18,80.28,High
INT0462,4.58,3.9,56.42,55.05,Medium
INT0463,5.33,2.9,67.97,73.48,High
INT0464,4.13,5.0,53.17,74.97,High
INT0465,6.81,2.45,63.22,49.63,Low
INT0466,3.04,3.28,55.93,62.84,Medium
INT0467,2.9,3.5,30.66,64.59,Medium
INT0468,5.71,2.24,94.56,52.72,Medium
INT0469,1.9,3.19,74.14,86.29,High
INT0470,6.71,2.9,29.94,53.32,Medium
INT0471,1.53,4.09,6.54,83.77,High
INT0472,7.0,5.0,55.79,59.94,Medium
INT0473,1.75,4.0,6.72,87.14,High
INT0474,6.27,1.8,52.6,30.65,Low
INT0475,3.72,3.66,47.12,74.06,High
INT0476,6.77,1.74,90.33,57.61,Medium
INT0477,1.62,3.78,79.3,78.08,High
INT0478,3.96,2.0,80.32,49.51,Low
INT0479,6.62,2.75,60.03,45.08,Low
INT0480,3.7,1.0,67.19,60.49,Medium
INT0481,4.75,1.01,6.08,61.45,Medium
INT0482,4.88,4.58,63.12363354037267,58.98,Medium
INT0483,3.32,4.88,92.9,88.52,High
INT0484,4.68,1.0,74.18,56.5,Medium
INT0485,4.36,1.0,91.86,51.73,Medium
INT0486,6.45,5.0,65.9,67.32,Medium
INT0487,1.52,1.8,0.05,61.27,Medium
INT0488,2.3,2.75,87.58,97.09,High
INT0489,6.99,2.51,89.25,58.54,Medium
INT0490,5.87,3.89,3.17,40.87,Low
INT0491,3.67,1.79,63.12363354037267,62.47,Medium
INT0492,4.81,2.64,54.22,40.62,Low
INT0493,3.12,3.54,53.43,56.53,Medium
INT0494,2.2,2.35,42.71,64.24,Medium
INT0495,3.9282564102564104,3.25,25.56,79.17,High
INT0496,3.14,1.8,98.04,63.92,Medium
INT0497,4.4,2.9336670179135935,32.33,67.16,Medium
INT0498,1.45,4.16,51.26,76.05,High
INT0499,6.55,2.99,80.14,45.46,Low
INT0500,6.92,1.94,64.48,29.47,Low
INT0501,4.84,1.0,71.65,46.69,Low
INT0502,4.46,2.71,51.0,50.05,Medium
INT0503,2.95,4.76,53.23,71.47,High
INT0504,5.46,1.27,16.72,55.16,Medium
INT0505,5.5,4.99,36.85,75.5,High
INT0506,2.1,3.53,51.34,74.58,High
INT0507,6.29,2.61,82.28,51.2,Medium
INT0508,5.49,3.85,59.26,51.66,Medium
INT0509,6.83,2.85,60.31,59.33,Medium
INT0510,5.22,2.89,3.56,49.08,Low
INT0511,5.09,3.09,58.95,41.94,Low
INT0512,3.04,4.82,82.86,73.96,High
INT0513,6.14,3.91,99.72,52.13,Medium
INT0514,6.65,1.0,82.61,51.99,Medium
INT0515,1.73,3.39,9.85,88.82,High
INT0516,1.0,3.78,8.78,78.62,High
INT0517,3.48,3.28,26.57,73.62,High
INT0518,5.58,1.18,95.55,70.63,High
INT0519,7.0,3.76,98.45,65.97,Medium
INT0520,2.27,2.9336670179135935,63.12363354037267,81.17,High
INT0521,4.16,2.9336670179135935,42.38,58.72,Medium
INT0522,3.03,1.72,88.51,81.93,High
INT0523,6.34,4.0,56.62,64.86,Medium
INT0524,5.59,3.53,7.32,59.34,Medium
INT0525,5.56,2.9336670179135935,90.95,58.58,Medium
INT0526,4.11,2.06,56.25,71.96,High
INT0527,3.29,4.13,98.84,78.6,High
INT0528,2.63,2.08,99.28,63.15,Medium
INT0529,1.63,3.57,96.84,100.0,High
INT0530,6.18,2.72,74.8,34.37,Low
INT0531,5.81,2.99,62.3,66.9,Medium
INT0532,6.51,3.84,79.1,64.88,Medium
INT0533,7.0,4.0,32.39,67.19,Medium
INT0534,3.95,1.8,60.3,43.65,Low
INT0535,5.87,4.99,71.18,66.83,Medium
INT0536,6.43,1.71,45.35,48.91,Low
INT0537,6.27,2.12,63.12363354037267,40.76,Low
INT0538,2.63,1.0,6.68,55.68,Medium
INT0539,3.82,3.05,50.89,65.65,Medium
INT0540,1.54,2.72,87.47,78.71,High
INT0541,3.9282564102564104,1.0,82.03,44.52,Low
INT0542,5.0,5.0,53.13,63.66,Medium
INT0543,1.88,4.75,76.51,95.9,High
INT0544,4.71,3.07,12.25,64.18,Medium
INT0545,4.82,3.62,54.17,84.79,High
INT0546,3.47,1.64,67.9,71.08,High
INT0547,1.54,4.0,89.39,99.04,High
INT0548,5.18,2.9336670179135935,51.71,74.08,High
INT0549,4.18,1.19,95.32,60.82,Medium
INT0550,5.19,2.9336670179135935,64.77,56.45,Medium
INT0551,4.24,1.74,78.07,64.81,Medium
INT0552,6.42,1.61,74.1,57.71,Medium
INT0553,4.8,4.1,16.52,62.52,Medium
INT0554,3.9,2.33,78.1,72.45,High
INT0555,6.42,3.8,70.47,59.91,Medium
INT0556,3.33,4.64,88.64,74.86,High
INT0557,1.31,1.8,70.19,63.63,Medium
INT0558,1.28,4.23,8.95,100.0,High
INT0559,5.15,1.24,55.07,42.85,Low
INT0560,4.6,3.89,56.65,76.48,High
INT0561,4.98,2.9336670179135935,28.11,39.89,Low
INT0562,2.14,5.0,52.28,83.62,High
INT0563,1.81,1.16,77.07,62.05,Medium
INT0564,1.0,1.0,6.59,78.73,High
INT0565,3.15,2.79,80.52,53.56,Medium
INT0566,4.28,3.62,78.75,73.45,High
INT0567,3.49,2.4,63.12363354037267,92.07,High
INT0568,3.97,1.74,66.98,59.71,Medium
INT0569,6.14,5.0,68.1,71.35,High
INT0570,3.1,2.36,65.71,75.3,High
INT0571,4.23,3.32,85.61,78.09,High
INT0572,5.76,2.38,58.08,69.88,Medium
INT0573,3.25,3.79,0.0,57.46,Medium
INT0574,4.87,4.02,79.81,55.08,Medium
INT0575,5.7,3.62,97.12,79.83,High
INT0576,6.57,4.0,7.87,74.47,High
INT0577,1.91,5.0,89.15,97.39,High
INT0578,6.08,5.0,57.67,68.51,Medium
INT0579,3.96,1.0,44.54,55.96,Medium
INT0580,2.7,5.0,65.56,93.05,High
INT0581,4.01,1.64,91.21,69.14,Medium
INT0582,6.49,2.9336670179135935,61.24,72.98,High
INT0583,4.45,2.69,66.81,66.81,Medium
INT0584,3.08,3.02,61.19,75.39,High
INT0585,4.66,2.12,72.61,68.28,Medium
INT0586,2.19,1.0,94.25,73.79,High
INT0587,1.53,2.9,67.26,63.43,Medium
INT0588,2.15,2.58,36.65,94.26,High
INT0589,1.79,4.0,93.02,99.27,High
INT0590,2.07,1.36,75.77,66.66,Medium
INT0591,1.69,4.91,0.0,86.51,High
INT0592,4.74,5.0,93.04,71.0,High
INT0593,1.88,1.64,34.73,70.97,High
INT0594,3.28,1.02,84.08,68.26,Medium
INT0595,6.24,3.44,54.28,66.89,Medium
INT0596,3.53,3.6,58.93,71.43,High
INT0597,3.9282564102564104,3.99,70.22,63.72,Medium
INT0598,2.38,3.24,47.29,84.94,High
INT0599,2.39,1.8,98.29,65.46,Medium
INT0600,1.08,1.9,3.45,82.81,High
INT0601,2.42,1.0,92.56,70.24,High
INT0602,2.24,2.63,65.78,63.82,Medium
INT0603,1.61,2.65,98.2,93.56,High
INT0604,1.16,2.65,51.66,97.86,High
INT0605,1.34,3.42,37.3,69.14,Medium
INT0606,3.35,1.63,85.08,61.39,Medium
INT0607,2.4,5.0,50.83,78.29,High
INT0608,3.29,5.0,57.31,82.69,High
INT0609,4.17,2.99,91.48,81.49,High
INT0610,5.33,4.0,6.2,75.02,High
INT0611,1.5,2.95,8.94,84.87,High
INT0612,5.51,3.81,1.15,66.37,Medium
INT0613,4.89,1.8,95.26,52.57,Medium
INT0614,1.57,1.39,81.58,79.08,High
INT0615,6.68,1.56,69.91,55.19,Medium
INT0616,6.26,2.05,56.02,51.26,Medium
INT0617,1.0,3.72,64.69,96.01,High
INT0618,2.81,5.0,98.92,94.57,High
INT0619,6.08,2.9336670179135935,71.87,37.97,Low
INT0620,5.27,1.0,73.59,43.44,Low
INT0621,2.18,1.43,3.21,72.07,High
INT0622,1.82,2.96,63.12363354037267,70.08,High
INT0623,3.68,4.26,80.2,81.4,High
INT0624,3.52,5.0,6.49,83.84,High
INT0625,4.28,5.0,69.47,81.01,High
INT0626,2.75,2.61,51.45,70.61,High
INT0627,3.71,4.0,69.44,89.6,High
INT0628,5.08,3.9,97.46,66.11,Medium
INT0629,1.46,3.43,63.12363354037267,80.17,High
INT0630,2.91,1.1,97.18,82.05,High
INT0631,3.9282564102564104,2.22,59.81,70.03,High
INT0632,6.5,2.9336670179135935,84.23,69.48,Medium
INT0633,3.61,2.68,92.23,57.29,Medium
INT0634,4.08,1.47,80.03,63.99,Medium
INT0635,3.9282564102564104,2.26,56.72,68.92,Medium
INT0636,3.41,2.9336670179135935,69.56,89.85,High
INT0637,4.34,2.58,98.56,75.18,High
INT0638,2.08,2.02,67.56,79.73,High
INT0639,2.98,4.8,93.39,85.73,High
INT0640,3.42,1.86,54.66,53.64,Medium
INT0641,1.33,1.29,0.0,87.18,High
INT0642,3.37,3.58,67.55,81.63,High
INT0643,2.71,2.7,52.58,70.15,High
INT0644,3.01,2.9336670179135935,55.95,85.87,High
INT0645,1.72,2.66,32.94,64.36,Medium
INT0646,6.18,1.8,91.89,41.05,Low
INT0647,4.78,4.37,17.04,71.12,High
INT0648,5.11,5.0,64.94,72.34,High
INT0649,6.17,2.9336670179135935,50.51,67.11,Medium
INT0650,3.73,2.72,20.94,73.43,High
INT0651,1.33,5.0,81.02,95.09,High
INT0652,4.04,2.31,82.25,82.4,High
INT0653,4.83,3.38,45.86,75.79,High
INT0654,5.07,2.28,60.41,56.51,Medium
INT0655,3.55,4.13,86.02,66.31,Medium
INT0656,1.7,3.74,90.56,97.79,High
INT0657,2.27,3.53,56.93,64.99,Medium
INT0658,3.09,2.96,74.34,70.03,High
INT0659,4.89,2.58,62.44,59.11,Medium
INT0660,3.99,4.06,58.41,59.26,Medium
INT0661,3.15,2.68,86.72,78.6,High
INT0662,7.0,2.79,46.51,31.27,Low
INT0663,5.11,5.0,24.75,79.83,High
INT0664,2.45,3.58,65.5,73.68,High
INT0665,1.63,1.36,98.33,91.86,High
INT0666,1.71,1.36,92.43,72.85,High
INT0667,2.98,1.0,94.0,57.29,Medium
INT0668,1.73,3.58,73.0,63.66,Medium
INT0669,2.07,5.0,81.19,84.48,High
INT0670,2.21,3.0,68.84,53.55,Medium
INT0671,1.89,2.64,30.91,85.48,High
INT0672,5.95,1.8,70.05,43.47,Low
INT0673,1.72,3.42,79.7,64.99,Medium
INT0674,4.21,3.33,64.36,49.68,Low
INT0675,3.53,2.66,92.4,53.48,Medium
INT0676,6.68,2.09,57.56,59.78,Medium
INT0677,1.98,3.5,68.36,97.01,High
INT0678,2.89,1.46,21.73,69.7,Medium
INT0679,6.65,1.0,70.24,38.73,Low
INT0680,6.35,1.14,51.98,39.73,Low
INT0681,6.31,2.7,63.63,56.44,Medium
INT0682,2.28,5.0,20.11,87.18,High
INT0683,2.07,1.79,73.91,71.52,High
INT0684,5.05,5.0,77.18,71.58,High
INT0685,6.95,4.36,63.75,46.96,Low
INT0686,3.89,1.0,76.15,62.79,Medium
INT0687,4.35,4.42,75.45,68.04,Medium
INT0688,2.36,1.8,65.81,55.56,Medium
INT0689,5.14,4.99,91.51,71.44,High
INT0690,1.77,2.77,77.28,69.77,Medium
INT0691,3.42,3.7,66.61,77.64,High
INT0692,3.26,2.9336670179135935,2.74,58.04,Medium
INT0693,4.49,5.0,37.12,87.22,High
INT0694,2.16,3.37,99.13,70.42,High
INT0695,2.12,5.0,84.61,99.68,High
INT0696,4.81,4.04,68.91,72.5,High
INT0697,2.34,4.0,64.04,93.65,High
INT0698,4.57,3.71,83.17,63.55,Medium
INT0699,1.75,4.71,78.72,89.82,High
INT0700,3.77,4.08,81.34,66.2,Medium
INT0701,4.14,3.34,94.08,63.12,Medium
INT0702,1.23,1.0,41.71,80.62,High
INT0703,3.18,1.46,70.35,60.28,Medium
INT0704,2.08,2.93,95.31,100.0,High
INT0705,1.21,1.8,87.84,73.03,High
INT0706,7.0,2.36,99.07,67.82,Medium
INT0707,3.37,3.31,88.74,78.7,High
INT0708,5.4,2.95,72.43,59.52,Medium
INT0709,2.04,3.45,76.55,82.37,High
INT0710,5.02,3.06,95.03,52.08,Medium
INT0711,5.65,2.22,77.58,67.52,Medium
INT0712,4.35,3.75,62.77,48.08,Low
INT0713,3.59,5.0,71.78,86.26,High
INT0714,3.65,5.0,75.82,77.95,High
INT0715,3.19,4.0,54.84,85.18,High
INT0716,6.25,1.0,87.19,42.55,Low
INT0717,6.36,1.0,55.47,40.61,Low
INT0718,6.97,1.0,70.25,38.86,Low
INT0719,1.61,1.0,90.23,68.23,Medium
INT0720,5.57,3.57,73.38,52.38,Medium
INT0721,6.24,4.52,92.1,67.41,Medium
INT0722,3.9282564102564104,1.0,32.78,61.1,Medium
INT0723,1.07,3.84,97.88,87.02,High
INT0724,4.99,5.0,60.47,74.13,High
INT0725,4.29,3.58,51.91,69.33,Medium
INT0726,5.7,3.38,93.62,56.08,Medium
INT0727,1.97,4.09,87.61,78.6,High
INT0728,5.94,2.62,61.6,48.78,Low
INT0729,1.86,2.9336670179135935,99.24,66.05,Medium
INT0730,1.5,3.34,75.11,83.52,High
INT0731,2.28,3.26,97.55,76.16,High
INT0732,5.39,4.0,75.25,68.01,Medium
INT0733,4.83,3.83,73.59,74.73,High
INT0734,4.13,3.24,8.8,70.42,High
INT0735,3.47,1.0,66.74,66.83,Medium
INT0736,6.6,1.0,76.69,46.75,Low
INT0737,3.57,3.9,72.63,83.34,High
INT0738,5.65,1.0,51.84,48.63,Low
INT0739,3.85,1.0,28.25,52.39,Medium
INT0740,3.01,3.38,60.66,55.71,Medium
INT0741,3.9282564102564104,1.0,93.37,57.71,Medium
INT0742,2.86,4.91,79.94,89.19,High
INT0743,5.67,1.0,6.61,53.43,Medium
INT0744,3.57,2.91,97.84,72.62,High
INT0745,1.95,1.0,82.2,77.06,High
INT0746,6.68,4.12,99.13,70.39,High
INT0747,3.66,4.0,65.59,79.1,High
INT0748,4.36,5.0,59.31,72.29,High
INT0749,6.37,1.0,49.56,55.29,Medium
INT0750,5.1,1.0,73.54,40.01,Low
INT0751,1.93,3.51,94.77,77.42,High
INT0752,6.72,2.42,78.0,57.88,Medium
INT0753,4.59,3.03,64.61,62.5,Medium
INT0754,2.71,5.0,87.13,82.88,High
INT0755,1.76,1.0,75.29,64.66,Medium
INT0756,5.55,4.39,58.11,63.66,Medium
INT0757,4.56,2.9336670179135935,78.84,55.04,Medium
INT0758,4.22,3.8,95.57,87.51,High
INT0759,6.03,3.16,92.13,54.2,Medium
INT0760,6.04,1.84,79.34,64.4,Medium
INT0761,1.56,2.79,68.85,62.56,Medium
INT0762,2.85,3.43,54.35,58.3,Medium
INT0763,2.74,5.0,73.48,85.55,High
INT0764,5.45,1.8,87.6,48.39,Low
INT0765,1.06,2.18,1.0,93.82,High
INT0766,4.39,4.32,61.77,71.01,High
INT0767,5.92,4.15,96.57,68.51,Medium
INT0768,6.75,1.41,63.12363354037267,52.53,Medium
INT0769,3.18,3.73,60.38,70.89,High
INT0770,6.22,4.99,56.84,56.22,Medium
INT0771,1.17,1.0,57.25,69.48,Medium
INT0772,6.46,4.59,55.16,60.78,Medium
INT0773,2.21,4.33,80.81,76.43,High
INT0774,3.46,1.0,55.78,51.17,Medium
INT0775,6.03,1.0,92.13,51.95,Medium
INT0776,1.91,1.82,99.65,66.02,Medium
INT0777,2.17,1.0,68.32,62.02,Medium
INT0778,5.68,3.8,72.68,72.23,High
INT0779,5.42,3.18,54.01,79.7,High
INT0780,4.93,2.61,61.49,55.69,Medium
INT0781,5.32,2.9336670179135935,94.7,82.81,High
INT0782,4.62,4.61,52.88,62.27,Medium
INT0783,2.74,4.47,58.45,83.52,High
INT0784,2.78,2.83,87.73,79.68,High
INT0785,2.06,2.89,84.44,89.97,High
INT0786,6.93,2.14,63.12363354037267,30.55,Low
INT0787,4.55,1.0,75.1,50.55,Medium
INT0788,3.85,1.0,8.7,59.88,Medium
INT0789,4.08,3.66,60.94,70.95,High
INT0790,6.85,1.38,71.91,57.5,Medium
INT0791,1.77,3.95,52.65,79.48,High
INT0792,4.32,2.16,89.11,65.92,Medium
INT0793,4.18,3.28,57.15,81.86,High
INT0794,4.6,1.32,65.76,42.36,Low
INT0795,1.41,3.29,9.22,74.5,High
INT0796,6.49,2.16,89.12,58.11,Medium
INT0797,6.4,2.9336670179135935,96.69,53.99,Medium
INT0798,4.59,2.19,68.39,59.72,Medium
INT0799,5.17,3.85,45.08,74.34,High
INT0800,6.35,1.0,80.13,42.83,Low
INT0801,5.15,2.2,76.26,57.82,Medium
INT0802,2.32,2.35,94.52,92.52,High
INT0803,4.32,1.0,50.16,37.24,Low
INT0804,4.43,5.0,0.0,78.44,High
INT0805,3.39,4.0,76.91,94.21,High
INT0806,5.13,2.15,58.91,37.49,Low
INT0807,6.65,3.77,95.39,53.56,Medium
INT0808,6.2,1.49,0.34,46.98,Low
INT0809,4.03,4.91,73.89,81.83,High
INT0810,1.41,2.9336670179135935,90.74,88.65,High
INT0811,7.0,1.58,72.54,60.17,Medium
INT0812,5.66,4.83,77.93,72.58,High
INT0813,2.23,3.07,50.14,52.46,Medium
INT0814,6.48,3.33,68.29,63.75,Medium
INT0815,6.54,2.9336670179135935,56.94,64.14,Medium
INT0816,4.38,4.11,84.48,69.46,Medium
INT0817,4.76,2.56,40.58,82.24,High
INT0818,3.72,2.8,65.09,77.83,High
INT0819,1.0,1.8,73.39,70.3,High
INT0820,3.19,4.32,29.68,62.57,Medium
INT0821,5.59,2.78,5.76,61.73,Medium
INT0822,1.32,1.02,1.41,59.52,Medium
INT0823,3.46,2.82,93.27,93.04,High
INT0824,3.79,3.11,75.57,57.44,Medium
INT0825,3.83,4.59,80.95,76.01,High
INT0826,6.39,2.82,65.13,51.01,Medium
INT0827,2.94,1.0,98.33,58.1,Medium
INT0828,2.7,4.0,64.09,90.3,High
INT0829,5.03,4.21,79.44,75.86,High
INT0830,3.59,2.9,99.67,77.96,High
INT0831,2.84,1.0,64.81,75.16,High
INT0832,3.78,1.0,42.66,55.93,Medium
INT0833,1.97,4.05,63.12363354037267,84.68,High
INT0834,2.03,2.82,62.08,66.48,Medium
INT0835,4.15,2.9336670179135935,22.51,66.95,Medium
INT0836,3.97,5.0,70.28,85.59,High
INT0837,6.58,1.3,66.72,58.67,Medium
INT0838,2.74,4.36,35.37,88.47,High
INT0839,4.47,1.6,88.02,72.72,High
INT0840,5.28,1.9,79.21,62.9,Medium
INT0841,1.0,2.9336670179135935,63.12363354037267,91.63,High
INT0842,5.07,1.89,3.39,63.15,Medium
INT0843,1.68,5.0,64.84,91.36,High
INT0844,6.41,1.97,99.85,48.91,Low
INT0845,2.26,1.0,97.71,74.21,High
INT0846,3.29,5.0,69.37,88.62,High
INT0847,1.32,2.35,90.56,88.87,High
INT0848,6.87,5.0,61.03,60.18,Medium
INT0849,4.48,5.0,76.63,83.13,High
INT0850,4.15,2.01,31.63,41.66,Low
INT0851,1.72,1.0,62.98,76.76,High
INT0852,5.34,2.3,80.55,51.67,Medium
INT0853,2.61,2.9336670179135935,52.04,78.2,High
INT0854,6.88,3.97,98.47,69.37,Medium
INT0855,2.08,1.92,61.75,76.57,High
INT0856,1.77,4.03,69.04,77.02,High
INT0857,1.0,3.63,5.58,90.17,High
INT0858,4.09,2.34,73.31,50.33,Medium
INT0859,4.03,5.0,94.11,84.96,High
INT0860,1.15,3.22,51.06,87.95,High
INT0861,5.35,2.8,4.48,70.57,High
INT0862,3.58,2.16,48.99,59.08,Medium
INT0863,3.72,2.23,71.45,45.65,Low
INT0864,4.0,2.03,97.97,72.15,High
INT0865,3.76,2.94,58.77,44.17,Low
INT0866,4.27,3.88,30.12,75.55,High
INT0867,2.04,2.75,94.03,66.86,Medium
INT0868,2.23,3.01,94.83,91.26,High
INT0869,6.42,4.7,93.59,61.65,Medium
INT0870,6.7,1.0,75.55,45.28,Low
INT0871,3.25,1.0,82.99,57.05,Medium
INT0872,2.75,3.29,43.82,78.67,High
INT0873,5.06,3.14,53.47,61.9,Medium
INT0874,3.3,2.92,41.02,65.3,Medium
INT0875,1.0,2.64,7.64,91.7,High
INT0876,1.71,3.02,66.25,65.14,Medium
INT0877,5.35,2.6,96.61,65.57,Medium
INT0878,4.81,2.18,65.2,59.13,Medium
INT0879,1.2,2.2,6.19,76.33,High
INT0880,2.24,5.0,6.81,92.07,High
INT0881,2.73,2.3,65.73,67.7,Medium
INT0882,4.6,1.12,81.42,52.13,Medium
INT0883,1.19,1.55,2.32,81.79,High
INT0884,1.7,3.2,41.9,81.71,High
INT0885,5.68,1.05,94.11,60.69,Medium
INT0886,1.99,3.58,52.01,78.49,High
INT0887,5.22,2.02,75.05,55.04,Medium
INT0888,2.21,1.14,59.82,65.86,Medium
INT0889,1.97,5.0,94.21,99.11,High
INT0890,2.86,2.92,48.13,55.85,Medium
INT0891,3.9282564102564104,4.0,91.64,81.54,High
INT0892,6.4,2.17,83.58,45.75,Low
INT0893,6.09,5.0,63.12363354037267,65.26,Medium
INT0894,3.41,4.04,67.34,71.03,High
INT0895,5.48,5.0,33.68,64.94,Medium
INT0896,2.01,1.41,40.56,62.38,Medium
INT0897,2.41,1.06,90.71,63.92,Medium
INT0898,6.17,3.46,63.12363354037267,33.51,Low
INT0899,1.19,1.0,0.01,59.27,Medium
INT0900,1.2,1.0,75.18,76.03,High
INT0901,2.66,2.06,91.52,85.14,High
INT0902,1.07,3.16,0.0,78.9,High
INT0903,2.44,3.96,7.01,90.21,High
INT0904,4.25,4.42,85.56,78.43,High
INT0905,3.34,4.24,0.28,83.77,High
INT0906,5.92,2.45,96.78,61.56,Medium
INT0907,5.66,1.9,89.23,58.36,Medium
INT0908,3.04,2.46,82.64,73.44,High
INT0909,3.01,4.0,71.68,83.41,High
INT0910,3.17,1.72,55.61,58.42,Medium
INT0911,4.68,2.62,63.12363354037267,44.64,Low
INT0912,2.54,4.41,99.64,89.57,High
INT0913,4.29,1.0,15.32,56.55,Medium
INT0914,3.46,4.36,50.84,81.32,High
INT0915,3.88,3.44,74.81,80.81,High
INT0916,4.0,1.8,80.73,49.81,Low
INT0917,3.02,2.23,84.48,62.85,Medium
INT0918,6.57,3.78,85.99,55.98,Medium
INT0919,5.72,5.0,77.91,63.08,Medium
INT0920,1.45,2.9,61.17,70.07,High
INT0921,6.41,1.87,76.71,72.69,High
INT0922,4.24,3.18,84.83,76.76,High
INT0923,6.69,3.9,61.84,44.97,Low
INT0924,5.58,1.0,7.69,39.54,Low
INT0925,3.31,4.8,96.1,88.6,High
INT0926,1.15,3.46,9.85,77.83,High
INT0927,3.08,2.34,70.26,91.41,High
INT0928,4.67,1.0,51.92,55.72,Medium
INT0929,4.66,4.11,12.97,61.89,Medium
INT0930,2.83,3.49,64.2,89.39,High
INT0931,2.26,5.0,81.46,93.5,High
INT0932,5.77,3.29,79.21,53.18,Medium
INT0933,7.0,3.44,81.69,48.05,Low
INT0934,3.92,2.1,85.86,76.33,High
INT0935,1.87,4.33,50.95,65.79,Medium
INT0936,2.33,2.57,55.25,55.99,Medium
INT0937,1.12,5.0,8.1,91.06,High
INT0938,6.83,1.59,57.74,41.76,Low
INT0939,1.74,1.9,15.94,51.44,Medium
INT0940,4.08,1.88,82.05,45.69,Low
INT0941,2.39,1.49,90.77,87.13,High
INT0942,4.39,2.65,87.63,73.92,High
INT0943,4.99,1.24,90.85,61.68,Medium
INT0944,6.06,1.0,53.94,56.1,Medium
INT0945,1.82,3.96,86.77,76.36,High
INT0946,1.32,5.0,4.6,88.75,High
INT0947,2.23,1.8,99.65,63.98,Medium
INT0948,6.41,3.72,59.16,63.75,Medium
INT0949,6.46,1.8,60.72,38.98,Low
INT0950,4.99,3.0,63.12363354037267,76.79,High
INT0951,4.74,1.49,65.48,58.54,Medium
INT0952,5.16,2.09,99.41,79.72,High
INT0953,2.27,3.49,89.74,71.14,High
INT0954,6.25,2.12,81.45,38.17,Low
INT0955,3.59,4.0,76.0,85.11,High
INT0956,3.64,3.44,98.53,90.81,High
INT0957,3.91,1.61,84.78,62.94,Medium
INT0958,1.68,1.81,9.04,97.37,High
INT0959,2.12,4.03,65.83,78.78,High
INT0960,5.35,2.9336670179135935,30.85,75.25,High
INT0961,1.62,3.86,92.74,81.67,High
INT0962,4.52,4.69,57.49,62.09,Medium
INT0963,2.81,3.74,97.3,83.11,High
INT0964,3.32,3.22,52.41,60.68,Medium
INT0965,3.9282564102564104,4.37,96.32,92.04,High
INT0966,3.14,3.26,66.84,59.13,Medium
INT0967,5.47,3.2,53.71,47.52,Low
INT0968,3.28,3.11,74.14,75.0,High
INT0969,4.05,5.0,81.34,70.15,High
INT0970,4.1,1.8,4.94,53.02,Medium
INT0971,4.62,2.36,70.14,67.96,Medium
INT0972,6.96,5.0,84.61,72.8,High
INT0973,5.5,1.79,62.57,46.16,Low
INT0974,2.73,3.47,67.52,85.41,High
INT0975,1.56,1.96,4.1,89.84,High
INT0976,2.14,1.0,68.58,72.91,High
INT0977,4.21,5.0,55.11,74.8,High
INT0978,1.41,2.95,95.0,99.3,High
INT0979,4.0,2.63,5.57,60.09,Medium
INT0980,4.25,3.08,36.43,65.7,Medium
INT0981,2.64,1.77,96.01,88.75,High
INT0982,5.69,4.97,2.98,72.32,High
INT0983,1.19,4.31,27.68,86.34,High
INT0984,1.82,1.0,88.47,74.53,High
INT0985,5.68,3.0,95.65,56.48,Medium
INT0986,4.26,1.66,53.93,46.16,Low
INT0987,4.65,1.0,91.26,44.92,Low
INT0988,3.16,1.0,77.37,50.2,Medium
INT0989,2.53,2.9336670179135935,83.46,91.58,High
INT0990,6.4,5.0,74.64,68.98,Medium
INT0991,5.64,3.44,84.89,64.82,Medium
INT0992,5.01,5.0,51.7,63.98,Medium
INT0993,2.26,4.2,88.14,95.39,High
INT0994,4.71,4.52,51.67,60.82,Medium
INT0995,3.32,5.0,72.76,90.07,High
INT0996,1.15,4.04,57.55,71.45,High
INT0997,6.47,3.71,4.21,79.84,High
INT0998,1.99,4.59,63.12363354037267,82.88,High
INT0999,6.69,3.63,39.4,43.71,Low
INT1000,3.85,3.06,71.44,74.96,High
